{"cameraMode":{"drawMode":0,"name":"Shaded","section":"Shading Mode"},"sceneLighting":true,"audioPlay":false,"sceneViewState":{"m_AlwaysRefresh":false,"showFog":true,"showSkybox":true,"showFlares":true,"showImageEffects":true,"showParticleSystems":true,"showVisualEffectGraphs":true,"m_FxEnabled":true},"in2DMode":false,"pivot":{"x":1.82142174243927,"y":4.949633598327637,"z":0.17042827606201173},"rotation":{"x":-0.004499717149883509,"y":-0.011101407930254937,"z":-0.000049952555855270475,"w":0.9999285340309143},"size":9.748245239257813,"orthographic":false}