{"cameraMode":{"drawMode":0,"name":"Shaded","section":"Shading Mode"},"sceneLighting":true,"audioPlay":false,"sceneViewState":{"m_AlwaysRefresh":false,"showFog":true,"showSkybox":true,"showFlares":true,"showImageEffects":true,"showParticleSystems":true,"showVisualEffectGraphs":true,"m_FxEnabled":true},"in2DMode":false,"pivot":{"x":-0.38985639810562136,"y":4.350137710571289,"z":1.7135584354400635},"rotation":{"x":0.6920886635780335,"y":-0.005412600934505463,"z":0.00519196130335331,"w":0.7217836380004883},"size":51.54789352416992,"orthographic":false}