{"cameraMode":{"drawMode":0,"name":"Shaded","section":"Shading Mode"},"sceneLighting":true,"audioPlay":false,"sceneViewState":{"m_AlwaysRefresh":false,"showFog":true,"showSkybox":true,"showFlares":true,"showImageEffects":true,"showParticleSystems":true,"showVisualEffectGraphs":true,"m_FxEnabled":true},"in2DMode":false,"pivot":{"x":-0.3663935959339142,"y":4.479403495788574,"z":3.1952450275421144},"rotation":{"x":0.6589336395263672,"y":0.0022574246395379307,"z":-0.0019755878020077945,"w":0.7522030472755432},"size":8.26513385772705,"orthographic":false}