{"cameraMode":{"drawMode":0,"name":"Shaded","section":"Shading Mode"},"sceneLighting":true,"audioPlay":false,"sceneViewState":{"m_AlwaysRefresh":false,"showFog":true,"showSkybox":true,"showFlares":true,"showImageEffects":true,"showParticleSystems":true,"showVisualEffectGraphs":true,"m_FxEnabled":true},"in2DMode":false,"pivot":{"x":-11.412551879882813,"y":0.7833786010742188,"z":16.447891235351564},"rotation":{"x":-0.13231326639652253,"y":0.7828502655029297,"z":-0.17819538712501527,"w":-0.5812856554985046},"size":18.519447326660158,"orthographic":false}