{"cameraMode":{"drawMode":0,"name":"Shaded","section":"Shading Mode"},"sceneLighting":true,"audioPlay":false,"sceneViewState":{"m_AlwaysRefresh":false,"showFog":true,"showSkybox":true,"showFlares":true,"showImageEffects":true,"showParticleSystems":true,"showVisualEffectGraphs":true,"m_FxEnabled":true},"in2DMode":false,"pivot":{"x":0.08601000905036926,"y":1.3550357818603516,"z":9.850345611572266},"rotation":{"x":0.6888372302055359,"y":0.004349629394710064,"z":-0.004133710637688637,"w":0.7248952388763428},"size":14.436935424804688,"orthographic":true}