{"cameraMode":{"drawMode":0,"name":"Shaded","section":"Shading Mode"},"sceneLighting":true,"audioPlay":false,"sceneViewState":{"m_AlwaysRefresh":false,"showFog":true,"showSkybox":true,"showFlares":true,"showImageEffects":true,"showParticleSystems":true,"showVisualEffectGraphs":true,"m_FxEnabled":true},"in2DMode":false,"pivot":{"x":636.022216796875,"y":360.0924377441406,"z":-148.97999572753907},"rotation":{"x":-0.01852594129741192,"y":0.08936653286218643,"z":0.0016667135059833527,"w":0.9958328008651733},"size":481.2955627441406,"orthographic":true}