{"cameraMode":{"drawMode":0,"name":"Shaded","section":"Shading Mode"},"sceneLighting":true,"audioPlay":false,"sceneViewState":{"m_AlwaysRefresh":false,"showFog":true,"showSkybox":true,"showFlares":true,"showImageEffects":true,"showParticleSystems":true,"showVisualEffectGraphs":true,"m_FxEnabled":true},"in2DMode":false,"pivot":{"x":-7.23300838470459,"y":14.513986587524414,"z":-7.275636672973633},"rotation":{"x":-0.01852594129741192,"y":0.08936653286218643,"z":0.0016667135059833527,"w":0.9958328008651733},"size":26.347333908081056,"orthographic":true}