{"cameraMode":{"drawMode":0,"name":"Shaded","section":"Shading Mode"},"sceneLighting":false,"audioPlay":false,"sceneViewState":{"m_AlwaysRefresh":false,"showFog":true,"showSkybox":false,"showFlares":true,"showImageEffects":true,"showParticleSystems":true,"showVisualEffectGraphs":true,"m_FxEnabled":true},"in2DMode":false,"pivot":{"x":-9.81491470336914,"y":0.3866576552391052,"z":9.34925651550293},"rotation":{"x":-0.016485149040818216,"y":-0.041381023824214938,"z":-0.0006827656761743128,"w":0.9990089535713196},"size":2.1250720024108888,"orthographic":true}