{"cameraMode":{"drawMode":0,"name":"Shaded","section":"Shading Mode"},"sceneLighting":true,"audioPlay":false,"sceneViewState":{"m_AlwaysRefresh":false,"showFog":true,"showSkybox":true,"showFlares":true,"showImageEffects":true,"showParticleSystems":true,"showVisualEffectGraphs":true,"m_FxEnabled":true},"in2DMode":false,"pivot":{"x":-0.06087833642959595,"y":1.3765993118286133,"z":0.9677898287773132},"rotation":{"x":-0.014516710303723812,"y":0.7126538753509522,"z":-0.7012171149253845,"w":-0.01475311815738678},"size":13.363031387329102,"orthographic":false}