{"cameraMode":{"drawMode":0,"name":"Shaded","section":"Shading Mode"},"sceneLighting":true,"audioPlay":false,"sceneViewState":{"m_AlwaysRefresh":false,"showFog":true,"showSkybox":true,"showFlares":true,"showImageEffects":true,"showParticleSystems":true,"showVisualEffectGraphs":true,"m_FxEnabled":true},"in2DMode":false,"pivot":{"x":0.3466189205646515,"y":-0.21941733360290528,"z":-0.7452827095985413},"rotation":{"x":0.0840858444571495,"y":0.9099299907684326,"z":-0.33660146594047549,"w":0.22731143236160279},"size":3.053489923477173,"orthographic":false}