{"cameraMode":{"drawMode":0,"name":"Shaded","section":"Shading Mode"},"sceneLighting":true,"audioPlay":false,"sceneViewState":{"m_AlwaysRefresh":false,"showFog":true,"showSkybox":true,"showFlares":true,"showImageEffects":true,"showParticleSystems":true,"showVisualEffectGraphs":true,"m_FxEnabled":true},"in2DMode":false,"pivot":{"x":-5.209184646606445,"y":2.327152729034424,"z":13.672269821166993},"rotation":{"x":0.010220857337117195,"y":-0.8229967951774597,"z":0.014815546572208405,"w":0.5677645206451416},"size":5.942463397979736,"orthographic":true}