{"cameraMode":{"drawMode":0,"name":"Shaded","section":"Shading Mode"},"sceneLighting":true,"audioPlay":false,"sceneViewState":{"m_AlwaysRefresh":false,"showFog":true,"showSkybox":true,"showFlares":true,"showImageEffects":true,"showParticleSystems":true,"showVisualEffectGraphs":true,"m_FxEnabled":true},"in2DMode":false,"pivot":{"x":0.12134361267089844,"y":8.061762809753418,"z":180.08604431152345},"rotation":{"x":-0.3278217017650604,"y":-0.23137477040290833,"z":0.08317619562149048,"w":-0.9122250080108643},"size":6.548487186431885,"orthographic":true}