{"cameraMode":{"drawMode":0,"name":"Shaded","section":"Shading Mode"},"sceneLighting":true,"audioPlay":false,"sceneViewState":{"m_AlwaysRefresh":false,"showFog":true,"showSkybox":true,"showFlares":true,"showImageEffects":true,"showParticleSystems":true,"showVisualEffectGraphs":true,"m_FxEnabled":true},"in2DMode":false,"pivot":{"x":11.751249313354493,"y":0.2798667252063751,"z":68.1506118774414},"rotation":{"x":-0.02751753106713295,"y":0.6446605920791626,"z":-0.023201635107398034,"w":-0.7636735439300537},"size":75.04969024658203,"orthographic":true}