{"cameraMode":{"drawMode":0,"name":"Shaded","section":"Shading Mode"},"sceneLighting":true,"audioPlay":false,"sceneViewState":{"m_AlwaysRefresh":false,"showFog":true,"showSkybox":true,"showFlares":true,"showImageEffects":true,"showParticleSystems":true,"showVisualEffectGraphs":true,"m_FxEnabled":true},"in2DMode":false,"pivot":{"x":0.13799285888671876,"y":0.28277289867401125,"z":-0.1030886173248291},"rotation":{"x":-0.06902161240577698,"y":0.19974038004875184,"z":-0.014085646718740464,"w":-0.9773536920547485},"size":11.833767890930176,"orthographic":true}