{"cameraMode":{"drawMode":0,"name":"Shaded","section":"Shading Mode"},"sceneLighting":true,"audioPlay":false,"sceneViewState":{"m_AlwaysRefresh":false,"showFog":true,"showSkybox":true,"showFlares":true,"showImageEffects":true,"showParticleSystems":true,"showVisualEffectGraphs":true,"m_FxEnabled":true},"in2DMode":false,"pivot":{"x":-35.488216400146487,"y":-3.4797768592834474,"z":105.64247131347656},"rotation":{"x":-0.06854531168937683,"y":0.7053242325782776,"z":-0.06885670870542526,"w":-0.7022271156311035},"size":39.813079833984378,"orthographic":false}