{"cameraMode":{"drawMode":0,"name":"Shaded","section":"Shading Mode"},"sceneLighting":false,"audioPlay":false,"sceneViewState":{"m_AlwaysRefresh":false,"showFog":true,"showSkybox":false,"showFlares":true,"showImageEffects":true,"showParticleSystems":true,"showVisualEffectGraphs":true,"m_FxEnabled":true},"in2DMode":false,"pivot":{"x":14.179183959960938,"y":0.9852440357208252,"z":-0.453713059425354},"rotation":{"x":0.012890099547803402,"y":0.035490814596414569,"z":-0.0004542971437331289,"w":0.9992963671684265},"size":7.937146186828613,"orthographic":true}